{"CF_38_3": "CF_38", "CF_28_3": "CF_28", "CF_38_2": "CF_38", "CF_22_6": "CF_22", "CF_48_1": "CF_48", "CF_26_3": "CF_26", "CF_21_1": "CF_21", "CF_R6_1": "CF_R6", "CF_4_3": "CF_4", "CF_47_1": "CF_47", "CF_11_1": "CF_11", "CF_5_4": "CF_5", "CF_37_2": "CF_37", "CF_9_1": "CF_9", "CF_50_3": "CF_50", "CF_50_1": "CF_50", "CF_32_5": "CF_32", "CF_15_1": "CF_15", "CF_2_2": "CF_2", "CF_12_3": "CF_12", "CF_R9_2": "CF_R9", "CF_22_4": "CF_22", "CF_48_2": "CF_48", "CF_50_2": "CF_50", "CF_6_2": "CF_6", "CF_4_2": "CF_4", "MEDRI2_1": "MEDRI2", "CF_R2_2": "CF_R2", "MEDRI1_7": "MEDRI1", "CF_26_2": "CF_26", "CF_16_1": "CF_16", "CF_54_3": "CF_54", "CF_22_5": "CF_22", "CF_17_2": "CF_17", "CF_28_2": "CF_28", "CF_18_1": "CF_18", "CF_8_3": "CF_8", "CF_27_2": "CF_27", "CF_14_2": "CF_14", "CF_22_1": "CF_22", "CF_4_4": "CF_4", "CF_34_2": "CF_34", "CF_51_4": "CF_51", "CF_12_1": "CF_12", "CF_26_4": "CF_26", "CF_18_2": "CF_18", "CF_2_1": "CF_2", "CF_14_1": "CF_14", "CF_R1_1": "CF_R1", "CF_50_5": "CF_50", "CF_R9_3": "CF_R9", "MEDRI1_5": "MEDRI1", "CF_R12_1": "CF_R12", "CF_24_4": "CF_24", "MEDRI1_6": "MEDRI1", "MEDRI1_4": "MEDRI1", "CF_21_3": "CF_21", "CF_30_1": "CF_30", "CF_40_1": "CF_40", "CF_44_2": "CF_44", "CF_37_4": "CF_37", "CF_49_1": "CF_49", "CF_26_1": "CF_26", "CF_37_5": "CF_37", "CF_36_2": "CF_36", "CF_47_2": "CF_47", "CF_33_2": "CF_33", "CF_21_7": "CF_21", "CF_13_1": "CF_13", "CF_7_2": "CF_7", "CF_49_2": "CF_49", "CF_5_3": "CF_5", "CF_45_3": "CF_45", "CF_24_3": "CF_24", "CF_3_2": "CF_3", "CF_44_1": "CF_44", "CF_36_3": "CF_36", "CF_R2_3": "CF_R2", "CF_37_3": "CF_37", "CF_8_1": "CF_8", "CF_45_2": "CF_45", "CF_33_4": "CF_33", "CF_23_1": "CF_23", "CF_12_4": "CF_12", "CF_R5_1": "CF_R5", "CF_19_2": "CF_19", "CF_25_1": "CF_25", "CF_36_4": "CF_36", "CF_31_1": "CF_31", "CF_31_2": "CF_31", "CF_15_2": "CF_15", "CF_7_1": "CF_7", "CF_51_3": "CF_51", "CF_52_1": "CF_52", "MEDRI2_2": "MEDRI2", "CF_23_2": "CF_23", "CF_13_3": "CF_13", "MEDRI1_1": "MEDRI1", "CF_3_1": "CF_3", "CF_45_1": "CF_45", "CF_8_2": "CF_8", "MEDRI1_8": "MEDRI1", "CF_10_1": "CF_10", "CF_R3_3": "CF_R3", "MEDRI1_2": "MEDRI1", "CF_33_5": "CF_33", "CF_43_1": "CF_43", "CF_1_1": "CF_1", "CF_42_1": "CF_42", "CF_32_4": "CF_32", "CF_32_2": "CF_32", "CF_12_2": "CF_12", "CF_1_2": "CF_1", "CF_39_1": "CF_39", "CF_33_1": "CF_33", "CF_4_7": "CF_4", "CF_34_1": "CF_34", "CF_14_4": "CF_14", "CF_13_2": "CF_13", "CF_52_2": "CF_52", "CF_33_3": "CF_33", "CF_19_1": "CF_19", "CF_36_1": "CF_36", "CF_54_1": "CF_54", "CF_20_5": "CF_20", "CF_5_1": "CF_5", "CF_4_5": "CF_4", "CF_4_6": "CF_4", "CF_46_1": "CF_46", "CF_R13_1": "CF_R13", "CF_32_1": "CF_32", "CF_12_5": "CF_12", "CF_3_3": "CF_3", "CF_43_3": "CF_43", "CF_R11_1": "CF_R11", "CF_4_1": "CF_4", "CF_37_1": "CF_37", "CF_24_1": "CF_24", "CF_53_1": "CF_53", "CF_22_3": "CF_22", "CF_41_2": "CF_41", "CF_27_3": "CF_27", "MEDRI1_3": "MEDRI1", "CF_19_3": "CF_19", "CF_29_1": "CF_29", "CF_50_4": "CF_50", "CF_R1_2": "CF_R1", "CF_22_2": "CF_22", "CF_20_1": "CF_20", "CF_41_1": "CF_41", "CF_27_1": "CF_27", "CF_18_3": "CF_18", "CF_20_4": "CF_20", "CF_42_2": "CF_42", "CF_17_1": "CF_17", "CF_35_1": "CF_35", "CF_21_8": "CF_21", "CF_17_3": "CF_17"}